{"cameraMode":{"drawMode":0,"name":"Shaded","section":"Shading Mode"},"sceneLighting":true,"audioPlay":false,"sceneViewState":{"m_AlwaysRefresh":false,"showFog":true,"showSkybox":true,"showFlares":true,"showImageEffects":true,"showParticleSystems":true,"showVisualEffectGraphs":true,"m_FxEnabled":true},"in2DMode":false,"pivot":{"x":-0.15185192227363587,"y":-0.03253018856048584,"z":0.27993816137313845},"rotation":{"x":-0.15122543275356294,"y":0.7681179642677307,"z":-0.1967952996492386,"w":-0.5902528762817383},"size":0.3073950409889221,"orthographic":false}