{"cameraMode":{"drawMode":0,"name":"Shaded","section":"Shading Mode"},"sceneLighting":true,"audioPlay":false,"sceneViewState":{"m_AlwaysRefresh":false,"showFog":true,"showSkybox":true,"showFlares":true,"showImageEffects":true,"showParticleSystems":true,"showVisualEffectGraphs":true,"m_FxEnabled":true},"in2DMode":false,"pivot":{"x":-0.9997214078903198,"y":-1.088536262512207,"z":0.011147022247314453},"rotation":{"x":-0.12013713270425797,"y":0.8798092007637024,"z":-0.31947246193885805,"w":-0.3308611214160919},"size":1.1673359870910645,"orthographic":false}