{"cameraMode":{"drawMode":0,"name":"Shaded","section":"Shading Mode"},"sceneLighting":true,"audioPlay":false,"sceneViewState":{"m_AlwaysRefresh":false,"showFog":true,"showSkybox":true,"showFlares":true,"showImageEffects":true,"showParticleSystems":true,"showVisualEffectGraphs":true,"m_FxEnabled":true},"in2DMode":false,"pivot":{"x":-0.1181890219449997,"y":-0.23231157660484315,"z":-0.21317151188850404},"rotation":{"x":-0.07295919209718704,"y":0.9260018467903137,"z":-0.28371840715408327,"w":-0.23812390863895417},"size":0.29401499032974245,"orthographic":false}