{"cameraMode":{"drawMode":0,"name":"Shaded","section":"Shading Mode"},"sceneLighting":true,"audioPlay":false,"sceneViewState":{"m_AlwaysRefresh":false,"showFog":true,"showSkybox":true,"showFlares":true,"showImageEffects":true,"showParticleSystems":true,"showVisualEffectGraphs":true,"m_FxEnabled":true},"in2DMode":false,"pivot":{"x":-0.12438324093818665,"y":-0.037236303091049197,"z":0.2732400894165039},"rotation":{"x":-0.16654269397258759,"y":0.7461839914321899,"z":-0.20315013825893403,"w":-0.6117231249809265},"size":0.29401499032974245,"orthographic":false}